{"cameraMode":{"drawMode":0,"name":"Shaded","section":"Shading Mode"},"sceneLighting":false,"audioPlay":false,"sceneViewState":{"m_AlwaysRefresh":false,"showFog":true,"showSkybox":false,"showFlares":true,"showImageEffects":true,"showParticleSystems":true,"showVisualEffectGraphs":true,"m_FxEnabled":true},"in2DMode":false,"pivot":{"x":525.5150146484375,"y":319.29998779296877,"z":-4.710000038146973},"rotation":{"x":-0.004808001220226288,"y":-0.003905570600181818,"z":0.00003855798422591761,"w":-1.0000241994857789},"size":195.7613067626953,"orthographic":false}