{"cameraMode":{"drawMode":0,"name":"Shaded","section":"Shading Mode"},"sceneLighting":false,"audioPlay":false,"sceneViewState":{"m_AlwaysRefresh":false,"showFog":true,"showSkybox":false,"showFlares":true,"showImageEffects":true,"showParticleSystems":true,"showVisualEffectGraphs":true,"m_FxEnabled":true},"in2DMode":false,"pivot":{"x":2.767380714416504,"y":2.2211265563964845,"z":-4.931232452392578},"rotation":{"x":0.08747909963130951,"y":0.8935896158218384,"z":-0.19925402104854585,"w":0.39326944947242739},"size":0.8660253882408142,"orthographic":false}