{"cameraMode":{"drawMode":0,"name":"Shaded","section":"Shading Mode"},"sceneLighting":true,"audioPlay":false,"sceneViewState":{"m_AlwaysRefresh":false,"showFog":true,"showSkybox":true,"showFlares":true,"showImageEffects":true,"showParticleSystems":true,"showVisualEffectGraphs":true,"m_FxEnabled":true},"in2DMode":false,"pivot":{"x":-0.19499990344047547,"y":1.1720000505447388,"z":-4.011000156402588},"rotation":{"x":0.027474423870444299,"y":0.9538769125938416,"z":-0.09215312451124191,"w":0.284442275762558},"size":0.8432715535163879,"orthographic":false}