{"cameraMode":{"drawMode":0,"name":"Shaded","section":"Shading Mode"},"sceneLighting":true,"audioPlay":false,"sceneViewState":{"m_AlwaysRefresh":false,"showFog":true,"showSkybox":true,"showFlares":true,"showImageEffects":true,"showParticleSystems":true,"showVisualEffectGraphs":true,"m_FxEnabled":true},"in2DMode":false,"pivot":{"x":2.767380714416504,"y":1.731126308441162,"z":-4.931232452392578},"rotation":{"x":0.10526573657989502,"y":0.47672656178474429,"z":-0.05771670117974281,"w":0.8711132407188416},"size":1.1785410642623902,"orthographic":false}