{"cameraMode":{"drawMode":0,"name":"Shaded","section":"Shading Mode"},"sceneLighting":true,"audioPlay":false,"sceneViewState":{"m_AlwaysRefresh":false,"showFog":true,"showSkybox":true,"showFlares":true,"showImageEffects":true,"showParticleSystems":true,"showVisualEffectGraphs":true,"m_FxEnabled":true},"in2DMode":false,"pivot":{"x":964.6240844726563,"y":566.0032348632813,"z":-0.38604736328125},"rotation":{"x":0.013809160329401493,"y":0.0014949835604056717,"z":-0.000022355621695169248,"w":0.9999077916145325},"size":481.6017761230469,"orthographic":false}