{"cameraMode":{"drawMode":0,"name":"Shaded","section":"Shading Mode"},"sceneLighting":true,"audioPlay":false,"sceneViewState":{"m_AlwaysRefresh":false,"showFog":true,"showSkybox":true,"showFlares":true,"showImageEffects":true,"showParticleSystems":true,"showVisualEffectGraphs":true,"m_FxEnabled":true},"in2DMode":false,"pivot":{"x":22.603796005249025,"y":-9.692737579345704,"z":-2.7148454189300539},"rotation":{"x":0.014063635841012001,"y":0.9661253094673157,"z":-0.25216126441955569,"w":0.053893864154815677},"size":50.81572341918945,"orthographic":false}