{"cameraMode":{"drawMode":0,"name":"Shaded","section":"Shading Mode"},"sceneLighting":true,"audioPlay":false,"sceneViewState":{"m_AlwaysRefresh":false,"showFog":true,"showSkybox":true,"showFlares":true,"showImageEffects":true,"showParticleSystems":true,"showVisualEffectGraphs":true,"m_FxEnabled":true},"in2DMode":false,"pivot":{"x":33.10026550292969,"y":29.81192970275879,"z":21.782562255859376},"rotation":{"x":0.08756286650896073,"y":-0.8185560703277588,"z":0.12878181040287019,"w":0.5535434484481812},"size":14.007980346679688,"orthographic":false}