{"cameraMode":{"drawMode":0,"name":"Shaded","section":"Shading Mode"},"sceneLighting":true,"audioPlay":false,"sceneViewState":{"m_AlwaysRefresh":false,"showFog":true,"showSkybox":true,"showFlares":true,"showImageEffects":true,"showParticleSystems":true,"showVisualEffectGraphs":true,"m_FxEnabled":true},"in2DMode":false,"pivot":{"x":15.95949935913086,"y":-30.392780303955079,"z":27.003860473632814},"rotation":{"x":0.11115778237581253,"y":-0.8865164518356323,"z":0.3507842421531677,"w":0.28070491552352908},"size":36.91862869262695,"orthographic":false}